Id,Predicted
0,anger
1,non-neutral
2,non-neutral
3,anger
4,anger
5,non-neutral
6,fear
7,anger
8,non-neutral
9,non-neutral
10,non-neutral
11,anger
12,disgust
13,non-neutral
14,non-neutral
15,anger
16,fear
17,neutral
18,neutral
19,non-neutral
20,sadness
21,non-neutral
22,sadness
23,anger
24,neutral
25,anger
26,anger
27,neutral
28,anger
29,non-neutral
30,sadness
31,non-neutral
32,surprise
33,anger
34,anger
35,anger
36,sadness
37,neutral
38,surprise
39,fear
40,anger
41,neutral
42,non-neutral
43,non-neutral
44,anger
45,anger
46,neutral
47,anger
48,anger
49,non-neutral
50,anger
51,non-neutral
52,anger
53,anger
54,anger
55,anger
56,anger
57,anger
58,sadness
59,anger
60,anger
61,neutral
62,fear
63,non-neutral
64,anger
65,neutral
66,non-neutral
67,non-neutral
68,anger
69,sadness
70,fear
71,disgust
72,disgust
73,non-neutral
74,anger
75,anger
76,anger
77,anger
78,fear
79,anger
80,neutral
81,non-neutral
82,anger
83,anger
84,anger
85,disgust
86,surprise
87,surprise
88,surprise
89,anger
90,non-neutral
91,anger
92,anger
93,anger
94,anger
95,neutral
96,anger
97,anger
98,anger
99,non-neutral
100,anger
101,non-neutral
102,neutral
103,sadness
104,non-neutral
105,sadness
106,anger
107,neutral
108,neutral
109,anger
110,non-neutral
111,disgust
112,non-neutral
113,anger
114,neutral
115,anger
116,neutral
117,sadness
118,anger
119,anger
120,anger
121,neutral
122,anger
123,sadness
124,non-neutral
125,non-neutral
126,non-neutral
127,anger
128,disgust
129,anger
130,sadness
131,non-neutral
132,anger
133,non-neutral
134,neutral
135,anger
136,anger
137,neutral
138,anger
139,sadness
140,sadness
141,sadness
142,anger
143,non-neutral
144,neutral
145,non-neutral
146,non-neutral
147,neutral
148,non-neutral
149,non-neutral
150,non-neutral
151,non-neutral
152,anger
153,anger
154,anger
155,anger
156,anger
157,anger
158,anger
159,anger
160,sadness
161,anger
162,anger
163,anger
164,non-neutral
165,non-neutral
166,sadness
167,neutral
168,non-neutral
169,sadness
170,sadness
171,anger
172,anger
173,neutral
174,anger
175,sadness
176,joy
177,neutral
178,anger
179,anger
180,anger
181,anger
182,sadness
183,anger
184,disgust
185,non-neutral
186,neutral
187,anger
188,anger
189,non-neutral
190,disgust
191,anger
192,anger
193,anger
194,non-neutral
195,sadness
196,anger
197,anger
198,non-neutral
199,anger
200,anger
201,anger
202,anger
203,anger
204,sadness
205,disgust
206,non-neutral
207,sadness
208,anger
209,sadness
210,anger
211,non-neutral
212,sadness
213,anger
214,surprise
215,non-neutral
216,fear
217,neutral
218,anger
219,neutral
220,neutral
221,anger
222,anger
223,anger
224,anger
225,anger
226,surprise
227,neutral
228,anger
229,anger
230,sadness
231,non-neutral
232,neutral
233,fear
234,neutral
235,non-neutral
236,neutral
237,non-neutral
238,non-neutral
239,anger
240,anger
241,anger
242,disgust
243,non-neutral
244,neutral
245,surprise
246,fear
247,non-neutral
248,disgust
249,neutral
250,fear
251,anger
252,non-neutral
253,non-neutral
254,anger
255,fear
256,non-neutral
257,fear
258,sadness
259,sadness
260,anger
261,anger
262,non-neutral
263,anger
264,anger
265,anger
266,anger
267,anger
268,neutral
269,fear
270,disgust
271,disgust
272,disgust
273,anger
274,sadness
275,anger
276,sadness
277,non-neutral
278,anger
279,anger
280,non-neutral
281,neutral
282,anger
283,disgust
284,anger
285,non-neutral
286,non-neutral
287,anger
288,anger
289,non-neutral
290,anger
291,non-neutral
292,anger
293,anger
294,fear
295,disgust
296,anger
297,disgust
298,disgust
299,surprise
300,non-neutral
301,sadness
302,neutral
303,anger
304,anger
305,non-neutral
306,anger
307,sadness
308,neutral
309,anger
310,anger
311,sadness
312,sadness
313,disgust
314,anger
315,anger
316,anger
317,sadness
318,anger
319,disgust
320,anger
321,anger
322,non-neutral
323,sadness
324,disgust
325,non-neutral
326,non-neutral
327,non-neutral
328,anger
329,neutral
330,non-neutral
331,non-neutral
332,disgust
333,sadness
334,anger
335,non-neutral
336,fear
337,sadness
338,non-neutral
339,anger
340,fear
341,sadness
342,neutral
343,anger
344,anger
345,non-neutral
346,sadness
347,disgust
348,anger
349,neutral
350,non-neutral
351,anger
352,non-neutral
353,anger
354,anger
355,anger
356,anger
357,anger
358,anger
359,anger
360,anger
361,non-neutral
362,non-neutral
363,anger
364,non-neutral
365,neutral
366,anger
367,anger
368,neutral
369,anger
370,neutral
371,fear
372,neutral
373,sadness
374,sadness
375,neutral
376,non-neutral
377,non-neutral
378,anger
379,anger
380,anger
381,anger
382,anger
383,non-neutral
384,non-neutral
385,non-neutral
386,sadness
387,anger
388,non-neutral
389,non-neutral
390,anger
391,anger
392,non-neutral
393,sadness
394,non-neutral
395,sadness
396,non-neutral
397,anger
398,joy
399,sadness
400,joy
401,anger
402,anger
403,anger
404,non-neutral
405,disgust
406,anger
407,fear
408,neutral
409,anger
410,anger
411,sadness
412,anger
413,anger
414,joy
415,neutral
416,neutral
417,anger
418,anger
419,neutral
420,anger
421,non-neutral
422,non-neutral
423,disgust
424,anger
425,neutral
426,non-neutral
427,neutral
428,neutral
429,anger
430,anger
431,non-neutral
432,non-neutral
433,anger
434,neutral
435,anger
436,sadness
437,anger
438,non-neutral
439,non-neutral
440,anger
441,anger
442,anger
443,neutral
444,disgust
445,joy
446,anger
447,anger
448,neutral
449,non-neutral
450,anger
451,anger
452,sadness
453,anger
454,fear
455,anger
456,anger
457,non-neutral
458,neutral
459,anger
460,anger
461,non-neutral
462,anger
463,neutral
464,anger
465,fear
466,anger
467,anger
468,non-neutral
469,anger
470,anger
471,neutral
472,non-neutral
473,anger
474,fear
475,sadness
476,anger
477,anger
478,anger
479,anger
480,non-neutral
481,neutral
482,neutral
483,joy
484,anger
485,non-neutral
486,anger
487,anger
488,non-neutral
489,fear
490,anger
491,anger
492,anger
493,anger
494,neutral
495,disgust
496,non-neutral
497,neutral
498,neutral
499,non-neutral
500,non-neutral
501,neutral
502,neutral
503,fear
504,sadness
505,non-neutral
506,anger
507,fear
508,anger
509,anger
510,sadness
511,neutral
512,neutral
513,anger
514,disgust
515,surprise
516,neutral
517,non-neutral
518,non-neutral
519,anger
520,non-neutral
521,non-neutral
522,anger
523,anger
524,non-neutral
525,anger
526,anger
527,non-neutral
528,non-neutral
529,anger
530,anger
531,fear
532,non-neutral
533,anger
534,anger
535,anger
536,non-neutral
537,non-neutral
538,disgust
539,anger
540,sadness
541,anger
542,disgust
543,surprise
544,neutral
545,non-neutral
546,neutral
547,joy
548,neutral
549,sadness
550,disgust
551,neutral
552,neutral
553,sadness
554,anger
555,fear
556,neutral
557,anger
558,fear
559,neutral
560,anger
561,non-neutral
562,neutral
563,anger
564,neutral
565,sadness
566,fear
567,non-neutral
568,anger
569,anger
570,neutral
571,non-neutral
572,non-neutral
573,anger
574,sadness
575,neutral
576,neutral
577,non-neutral
578,anger
579,non-neutral
580,anger
581,anger
582,anger
583,anger
584,anger
585,sadness
586,non-neutral
587,non-neutral
588,anger
589,anger
590,neutral
591,disgust
592,disgust
593,neutral
594,joy
595,neutral
596,non-neutral
597,anger
598,non-neutral
599,anger
600,sadness
601,neutral
602,anger
603,anger
604,sadness
605,anger
606,sadness
607,anger
608,non-neutral
609,anger
610,disgust
611,non-neutral
612,sadness
613,non-neutral
614,sadness
615,surprise
616,non-neutral
617,neutral
618,anger
619,sadness
620,non-neutral
621,sadness
622,neutral
623,non-neutral
624,non-neutral
625,sadness
626,non-neutral
627,anger
628,anger
629,anger
630,sadness
631,anger
632,anger
633,neutral
634,non-neutral
635,sadness
636,non-neutral
637,anger
638,neutral
639,non-neutral
640,neutral
641,anger
642,non-neutral
643,neutral
644,non-neutral
645,non-neutral
646,non-neutral
647,anger
648,non-neutral
649,neutral
650,anger
651,non-neutral
652,joy
653,anger
654,non-neutral
655,disgust
656,anger
657,non-neutral
658,anger
659,anger
660,neutral
661,anger
662,anger
663,neutral
664,sadness
665,neutral
666,non-neutral
667,non-neutral
668,non-neutral
669,non-neutral
670,sadness
671,neutral
672,anger
673,neutral
674,anger
675,sadness
676,anger
677,neutral
678,anger
679,anger
680,neutral
681,non-neutral
682,neutral
683,anger
684,anger
685,non-neutral
686,anger
687,sadness
688,fear
689,sadness
690,anger
691,neutral
692,anger
693,sadness
694,non-neutral
695,non-neutral
696,anger
697,anger
698,non-neutral
699,fear
700,anger
701,non-neutral
702,anger
703,anger
704,neutral
705,non-neutral
706,anger
707,non-neutral
708,non-neutral
709,sadness
710,neutral
711,anger
712,disgust
713,anger
714,anger
715,non-neutral
716,anger
717,anger
718,anger
719,non-neutral
720,anger
721,non-neutral
722,anger
723,neutral
724,neutral
725,anger
726,sadness
727,anger
728,surprise
729,disgust
730,anger
731,neutral
732,non-neutral
733,disgust
734,non-neutral
735,anger
736,neutral
737,non-neutral
738,neutral
739,anger
740,anger
741,neutral
742,anger
743,anger
744,anger
745,neutral
746,non-neutral
747,sadness
748,sadness
749,non-neutral
750,anger
751,disgust
752,anger
753,non-neutral
754,anger
755,anger
756,anger
757,anger
758,anger
759,non-neutral
760,anger
761,non-neutral
762,anger
763,anger
764,non-neutral
765,anger
766,neutral
767,non-neutral
768,anger
769,anger
770,disgust
771,non-neutral
772,anger
773,anger
774,anger
775,anger
776,anger
777,disgust
778,neutral
779,disgust
780,neutral
781,neutral
782,anger
783,anger
784,sadness
785,anger
786,anger
787,anger
788,sadness
789,non-neutral
790,anger
791,anger
792,sadness
793,joy
794,anger
795,anger
796,disgust
797,anger
798,non-neutral
799,anger
800,disgust
801,anger
802,disgust
803,anger
804,anger
805,non-neutral
806,non-neutral
807,non-neutral
808,anger
809,sadness
810,anger
811,neutral
812,joy
813,neutral
814,sadness
815,non-neutral
816,neutral
817,surprise
818,neutral
819,anger
820,anger
821,anger
822,neutral
823,anger
824,neutral
825,neutral
826,anger
827,non-neutral
828,anger
829,anger
830,sadness
831,sadness
832,anger
833,anger
834,disgust
835,anger
836,sadness
837,non-neutral
838,non-neutral
839,anger
840,sadness
841,anger
842,disgust
843,non-neutral
844,anger
845,disgust
846,disgust
847,joy
848,non-neutral
849,anger
850,non-neutral
851,anger
852,non-neutral
853,anger
854,anger
855,anger
856,sadness
857,anger
858,non-neutral
859,non-neutral
860,anger
861,anger
862,non-neutral
863,non-neutral
864,neutral
865,anger
866,anger
867,neutral
868,non-neutral
869,neutral
870,joy
871,anger
872,non-neutral
873,non-neutral
874,non-neutral
875,anger
876,anger
877,anger
878,anger
879,neutral
880,disgust
881,anger
882,anger
883,sadness
884,anger
885,sadness
886,anger
887,non-neutral
888,neutral
889,anger
890,non-neutral
891,anger
892,anger
893,anger
894,sadness
895,anger
896,sadness
897,non-neutral
898,disgust
899,anger
900,non-neutral
901,anger
902,anger
903,anger
904,anger
905,non-neutral
906,anger
907,anger
908,disgust
909,neutral
910,sadness
911,anger
912,disgust
913,neutral
914,sadness
915,anger
916,anger
917,non-neutral
918,anger
919,non-neutral
920,anger
921,anger
922,non-neutral
923,non-neutral
924,sadness
925,anger
926,fear
927,anger
928,surprise
929,non-neutral
930,anger
931,non-neutral
932,anger
933,anger
934,non-neutral
935,anger
936,non-neutral
937,neutral
938,non-neutral
939,sadness
940,anger
941,anger
942,non-neutral
943,sadness
944,non-neutral
945,non-neutral
946,neutral
947,disgust
948,sadness
949,disgust
950,anger
951,non-neutral
952,sadness
953,non-neutral
954,disgust
955,neutral
956,disgust
957,neutral
958,anger
959,neutral
960,anger
961,disgust
962,anger
963,non-neutral
964,anger
965,fear
966,neutral
967,anger
968,anger
969,anger
970,anger
971,surprise
972,fear
973,anger
974,anger
975,disgust
976,non-neutral
977,non-neutral
978,anger
979,anger
980,anger
981,sadness
982,disgust
983,anger
984,non-neutral
985,non-neutral
986,anger
987,non-neutral
988,anger
989,neutral
990,anger
991,anger
992,non-neutral
993,anger
994,anger
995,disgust
996,anger
997,anger
998,anger
999,anger
1000,non-neutral
1001,anger
1002,anger
1003,non-neutral
1004,anger
1005,neutral
1006,disgust
1007,neutral
1008,anger
1009,neutral
1010,anger
1011,non-neutral
1012,anger
1013,anger
1014,anger
1015,non-neutral
1016,anger
1017,anger
1018,neutral
1019,sadness
1020,disgust
1021,neutral
1022,neutral
1023,non-neutral
1024,sadness
1025,anger
1026,neutral
1027,anger
1028,anger
1029,non-neutral
1030,anger
1031,non-neutral
1032,sadness
1033,non-neutral
1034,anger
1035,anger
1036,non-neutral
1037,sadness
1038,neutral
1039,fear
1040,anger
1041,anger
1042,anger
1043,non-neutral
1044,non-neutral
1045,non-neutral
1046,anger
1047,anger
1048,anger
1049,anger
1050,anger
1051,sadness
1052,non-neutral
1053,non-neutral
1054,fear
1055,sadness
1056,disgust
1057,anger
1058,neutral
1059,neutral
1060,non-neutral
1061,fear
1062,anger
1063,non-neutral
1064,neutral
1065,anger
1066,non-neutral
1067,anger
1068,sadness
1069,non-neutral
1070,non-neutral
1071,neutral
1072,anger
1073,anger
1074,non-neutral
1075,sadness
1076,surprise
1077,anger
1078,anger
1079,sadness
1080,non-neutral
1081,non-neutral
1082,non-neutral
1083,surprise
1084,anger
1085,non-neutral
1086,anger
1087,neutral
1088,neutral
1089,neutral
1090,neutral
1091,anger
1092,neutral
1093,anger
1094,anger
1095,fear
1096,fear
1097,anger
1098,neutral
1099,non-neutral
1100,anger
1101,anger
1102,non-neutral
1103,anger
1104,sadness
1105,anger
1106,anger
1107,anger
1108,sadness
1109,anger
1110,anger
1111,neutral
1112,non-neutral
1113,non-neutral
1114,non-neutral
1115,non-neutral
1116,sadness
1117,sadness
1118,disgust
1119,non-neutral
1120,anger
1121,neutral
1122,anger
1123,neutral
1124,non-neutral
1125,neutral
1126,disgust
1127,sadness
1128,non-neutral
1129,anger
1130,disgust
1131,fear
1132,sadness
1133,fear
1134,non-neutral
1135,disgust
1136,anger
1137,non-neutral
1138,neutral
1139,non-neutral
1140,anger
1141,anger
1142,anger
1143,non-neutral
1144,anger
1145,anger
1146,surprise
1147,sadness
1148,fear
1149,anger
1150,anger
1151,non-neutral
1152,sadness
1153,neutral
1154,neutral
1155,neutral
1156,non-neutral
1157,anger
1158,non-neutral
1159,disgust
1160,non-neutral
1161,neutral
1162,anger
1163,joy
1164,anger
1165,sadness
1166,anger
1167,disgust
1168,anger
1169,anger
1170,anger
1171,disgust
1172,anger
1173,non-neutral
1174,anger
1175,sadness
1176,non-neutral
1177,anger
1178,anger
1179,neutral
1180,non-neutral
1181,anger
1182,non-neutral
1183,anger
1184,anger
1185,non-neutral
1186,anger
1187,anger
1188,anger
1189,anger
1190,anger
1191,disgust
1192,neutral
1193,non-neutral
1194,anger
1195,non-neutral
1196,sadness
1197,anger
1198,fear
1199,anger
1200,anger
1201,sadness
1202,anger
1203,anger
1204,surprise
1205,non-neutral
1206,anger
1207,neutral
1208,anger
1209,fear
1210,sadness
1211,anger
1212,anger
1213,sadness
1214,anger
1215,non-neutral
1216,anger
1217,non-neutral
1218,neutral
1219,anger
1220,non-neutral
1221,disgust
1222,anger
1223,anger
1224,neutral
1225,non-neutral
1226,anger
1227,anger
1228,non-neutral
1229,non-neutral
1230,neutral
1231,anger
1232,neutral
1233,non-neutral
1234,non-neutral
1235,sadness
1236,joy
1237,non-neutral
1238,non-neutral
1239,anger
1240,anger
1241,anger
1242,anger
1243,non-neutral
1244,non-neutral
1245,anger
1246,anger
1247,disgust
1248,anger
1249,anger
1250,non-neutral
1251,anger
1252,disgust
1253,sadness
1254,fear
1255,non-neutral
1256,anger
1257,anger
1258,anger
1259,anger
1260,anger
1261,non-neutral
1262,fear
1263,non-neutral
1264,anger
1265,non-neutral
1266,anger
1267,neutral
1268,neutral
1269,non-neutral
1270,non-neutral
1271,non-neutral
1272,fear
1273,anger
1274,anger
1275,anger
1276,anger
1277,anger
1278,anger
1279,anger
1280,anger
1281,anger
1282,anger
1283,non-neutral
1284,non-neutral
1285,disgust
1286,disgust
1287,disgust
1288,anger
1289,neutral
1290,sadness
1291,neutral
1292,sadness
1293,anger
1294,sadness
1295,non-neutral
1296,neutral
1297,sadness
1298,anger
1299,sadness
1300,fear
1301,sadness
1302,anger
1303,anger
1304,non-neutral
1305,anger
1306,anger
1307,anger
1308,anger
1309,surprise
1310,non-neutral
1311,anger
1312,neutral
1313,non-neutral
1314,fear
1315,neutral
1316,neutral
1317,surprise
1318,anger
1319,disgust
1320,neutral
1321,disgust
1322,anger
1323,anger
1324,sadness
1325,sadness
1326,neutral
1327,non-neutral
1328,anger
1329,anger
1330,anger
1331,non-neutral
1332,anger
1333,anger
1334,non-neutral
1335,neutral
1336,anger
1337,disgust
1338,sadness
1339,anger
1340,anger
1341,non-neutral
1342,anger
1343,non-neutral
1344,anger
1345,anger
1346,anger
1347,neutral
1348,sadness
1349,sadness
1350,non-neutral
1351,anger
1352,anger
1353,anger
1354,neutral
1355,anger
1356,neutral
1357,disgust
1358,neutral
1359,anger
1360,non-neutral
1361,non-neutral
1362,anger
1363,anger
1364,neutral
1365,non-neutral
1366,anger
1367,anger
1368,anger
1369,non-neutral
1370,non-neutral
1371,non-neutral
1372,anger
1373,non-neutral
1374,non-neutral
1375,non-neutral
1376,anger
1377,anger
1378,fear
1379,non-neutral
1380,sadness
1381,disgust
1382,neutral
1383,non-neutral
1384,fear
1385,non-neutral
1386,anger
1387,neutral
1388,sadness
1389,fear
1390,anger
1391,non-neutral
1392,disgust
1393,non-neutral
1394,sadness
1395,sadness
1396,anger
1397,sadness
1398,anger
1399,anger
1400,anger
1401,non-neutral
1402,non-neutral
1403,sadness
1404,anger
1405,neutral
1406,anger
1407,non-neutral
1408,disgust
1409,anger
1410,sadness
1411,neutral
1412,surprise
1413,anger
1414,non-neutral
1415,sadness
1416,anger
1417,anger
1418,sadness
1419,sadness
1420,sadness
1421,anger
1422,non-neutral
1423,non-neutral
1424,sadness
1425,surprise
1426,anger
1427,disgust
1428,sadness
1429,non-neutral
1430,non-neutral
1431,anger
1432,anger
1433,sadness
1434,anger
1435,anger
1436,non-neutral
1437,sadness
1438,anger
1439,anger
1440,non-neutral
1441,neutral
1442,neutral
1443,neutral
1444,anger
1445,non-neutral
1446,non-neutral
1447,sadness
1448,non-neutral
1449,anger
1450,sadness
1451,anger
1452,sadness
1453,sadness
1454,non-neutral
1455,non-neutral
1456,sadness
1457,non-neutral
1458,anger
1459,anger
1460,anger
1461,anger
1462,sadness
1463,anger
1464,anger
1465,anger
1466,anger
1467,non-neutral
1468,anger
1469,disgust
1470,anger
1471,disgust
1472,non-neutral
1473,non-neutral
1474,sadness
1475,surprise
1476,fear
1477,neutral
1478,neutral
1479,anger
1480,anger
1481,neutral
1482,neutral
1483,sadness
1484,non-neutral
1485,sadness
1486,anger
1487,neutral
1488,anger
1489,neutral
1490,anger
1491,neutral
1492,anger
1493,anger
1494,anger
1495,sadness
1496,non-neutral
1497,non-neutral
1498,sadness
1499,anger
1500,non-neutral
1501,anger
1502,fear
1503,non-neutral
1504,anger
1505,neutral
1506,neutral
1507,neutral
1508,anger
1509,non-neutral
1510,anger
1511,non-neutral
1512,anger
1513,anger
1514,non-neutral
1515,non-neutral
1516,anger
1517,anger
1518,non-neutral
1519,neutral
1520,disgust
1521,anger
1522,disgust
1523,anger
1524,anger
1525,neutral
1526,anger
1527,neutral
1528,anger
1529,anger
1530,non-neutral
1531,non-neutral
1532,non-neutral
1533,anger
1534,non-neutral
1535,non-neutral
1536,anger
1537,anger
1538,anger
1539,sadness
1540,non-neutral
1541,surprise
1542,neutral
1543,anger
1544,disgust
1545,anger
1546,sadness
1547,neutral
1548,non-neutral
1549,neutral
1550,anger
1551,anger
1552,sadness
1553,anger
1554,anger
1555,surprise
1556,neutral
1557,anger
1558,anger
1559,non-neutral
1560,anger
1561,sadness
1562,sadness
1563,anger
1564,anger
1565,non-neutral
1566,anger
1567,neutral
1568,anger
1569,disgust
1570,non-neutral
1571,non-neutral
1572,non-neutral
1573,anger
1574,non-neutral
1575,anger
1576,disgust
1577,sadness
1578,non-neutral
1579,non-neutral
1580,anger
1581,anger
1582,sadness
1583,anger
1584,anger
1585,anger
1586,anger
1587,anger
1588,anger
1589,non-neutral
1590,anger
1591,anger
1592,anger
1593,disgust
1594,non-neutral
1595,anger
1596,anger
1597,non-neutral
1598,neutral
1599,anger
1600,anger
1601,anger
1602,anger
1603,anger
1604,anger
1605,anger
1606,anger
1607,anger
1608,non-neutral
1609,non-neutral
1610,sadness
1611,anger
1612,neutral
1613,fear
1614,anger
1615,surprise
1616,anger
1617,sadness
1618,anger
1619,anger
1620,anger
1621,anger
1622,anger
1623,non-neutral
1624,anger
1625,surprise
1626,sadness
1627,anger
1628,anger
1629,anger
1630,disgust
1631,neutral
1632,neutral
1633,anger
1634,anger
1635,neutral
1636,non-neutral
1637,non-neutral
1638,neutral
1639,non-neutral
1640,anger
1641,disgust
1642,anger
1643,disgust
1644,anger
1645,anger
1646,sadness
1647,disgust
1648,anger
1649,anger
1650,sadness
1651,sadness
1652,anger
1653,anger
1654,disgust
1655,sadness
1656,neutral
1657,fear
1658,non-neutral
1659,anger
1660,anger
1661,anger
1662,anger
1663,surprise
1664,sadness
1665,non-neutral
1666,anger
1667,anger
1668,disgust
1669,neutral
1670,anger
1671,anger
1672,anger
1673,anger
1674,neutral
1675,neutral
1676,disgust
1677,surprise
1678,non-neutral
1679,anger
1680,non-neutral
1681,neutral
1682,sadness
1683,anger
1684,non-neutral
1685,sadness
1686,non-neutral
1687,neutral
1688,neutral
1689,non-neutral
1690,anger
1691,anger
1692,disgust
1693,sadness
1694,fear
1695,anger
1696,sadness
1697,surprise
1698,anger
1699,anger
1700,joy
1701,anger
1702,anger
1703,neutral
1704,sadness
1705,sadness
1706,sadness
1707,neutral
1708,joy
1709,non-neutral
1710,anger
1711,anger
1712,anger
1713,anger
1714,anger
1715,non-neutral
1716,neutral
1717,fear
1718,anger
1719,non-neutral
1720,anger
1721,neutral
1722,non-neutral
1723,non-neutral
1724,disgust
1725,anger
1726,anger
1727,anger
1728,non-neutral
1729,anger
1730,sadness
1731,anger
1732,anger
1733,disgust
1734,sadness
1735,anger
1736,non-neutral
1737,non-neutral
1738,non-neutral
1739,sadness
1740,non-neutral
1741,anger
1742,neutral
1743,non-neutral
1744,anger
1745,non-neutral
1746,non-neutral
1747,anger
1748,anger
1749,non-neutral
1750,non-neutral
1751,sadness
1752,disgust
1753,neutral
1754,non-neutral
1755,neutral
1756,anger
1757,disgust
1758,anger
1759,anger
1760,non-neutral
1761,anger
1762,neutral
1763,anger
1764,anger
1765,non-neutral
1766,sadness
1767,neutral
1768,non-neutral
1769,non-neutral
1770,non-neutral
1771,anger
1772,anger
1773,anger
1774,neutral
1775,fear
1776,anger
1777,non-neutral
1778,non-neutral
1779,non-neutral
1780,non-neutral
1781,neutral
1782,anger
1783,non-neutral
1784,anger
1785,anger
1786,neutral
1787,anger
1788,non-neutral
1789,anger
1790,non-neutral
1791,anger
1792,sadness
1793,fear
1794,neutral
1795,anger
1796,neutral
1797,anger
1798,anger
1799,non-neutral
1800,anger
1801,anger
1802,anger
1803,disgust
1804,anger
1805,sadness
1806,anger
1807,non-neutral
1808,anger
1809,neutral
1810,non-neutral
1811,neutral
1812,fear
1813,neutral
1814,anger
1815,disgust
1816,non-neutral
1817,anger
1818,sadness
1819,fear
1820,sadness
1821,sadness
1822,non-neutral
1823,fear
1824,non-neutral
1825,disgust
1826,neutral
1827,non-neutral
1828,anger
1829,neutral
1830,anger
1831,disgust
1832,neutral
1833,anger
1834,anger
1835,non-neutral
1836,non-neutral
1837,disgust
1838,anger
1839,anger
1840,neutral
1841,anger
1842,anger
1843,anger
1844,non-neutral
1845,neutral
1846,anger
1847,non-neutral
1848,anger
1849,neutral
1850,anger
1851,anger
1852,neutral
1853,non-neutral
1854,sadness
1855,non-neutral
1856,non-neutral
1857,neutral
1858,sadness
1859,non-neutral
1860,neutral
1861,anger
1862,sadness
1863,fear
1864,non-neutral
1865,anger
1866,non-neutral
1867,anger
1868,anger
1869,anger
1870,sadness
1871,non-neutral
1872,non-neutral
1873,anger
1874,anger
1875,anger
1876,fear
1877,disgust
1878,disgust
1879,non-neutral
1880,non-neutral
1881,disgust
1882,anger
1883,anger
1884,neutral
1885,non-neutral
1886,non-neutral
1887,anger
1888,surprise
1889,non-neutral
1890,sadness
1891,disgust
1892,anger
1893,fear
1894,anger
1895,anger
1896,anger
1897,sadness
1898,sadness
1899,anger
1900,neutral
1901,neutral
1902,neutral
1903,neutral
1904,anger
1905,surprise
1906,disgust
1907,non-neutral
1908,sadness
1909,anger
1910,anger
1911,neutral
1912,anger
1913,anger
1914,neutral
1915,anger
1916,non-neutral
1917,non-neutral
1918,neutral
1919,anger
1920,anger
1921,anger
1922,anger
1923,anger
1924,anger
1925,anger
1926,non-neutral
1927,disgust
1928,anger
1929,disgust
1930,non-neutral
1931,disgust
1932,sadness
1933,non-neutral
1934,neutral
1935,anger
1936,non-neutral
1937,non-neutral
1938,sadness
1939,non-neutral
1940,non-neutral
1941,sadness
1942,non-neutral
1943,neutral
1944,neutral
1945,anger
1946,disgust
1947,sadness
1948,anger
1949,sadness
1950,anger
1951,anger
1952,neutral
1953,sadness
1954,anger
1955,sadness
1956,anger
1957,anger
1958,anger
1959,fear
1960,non-neutral
1961,surprise
1962,neutral
1963,disgust
1964,sadness
1965,neutral
1966,non-neutral
1967,fear
1968,anger
1969,sadness
1970,anger
1971,anger
1972,anger
1973,anger
1974,non-neutral
1975,anger
1976,non-neutral
1977,disgust
1978,joy
1979,non-neutral
1980,non-neutral
1981,anger
1982,neutral
1983,anger
1984,neutral
1985,anger
1986,anger
1987,neutral
1988,non-neutral
1989,anger
1990,anger
1991,fear
1992,non-neutral
1993,anger
1994,anger
1995,surprise
1996,anger
1997,neutral
1998,neutral
1999,anger
2000,neutral
2001,non-neutral
2002,anger
2003,joy
2004,sadness
2005,neutral
2006,anger
2007,neutral
2008,non-neutral
2009,non-neutral
2010,non-neutral
2011,neutral
2012,fear
2013,anger
2014,neutral
2015,anger
2016,disgust
2017,fear
2018,neutral
2019,non-neutral
2020,neutral
2021,anger
2022,non-neutral
2023,non-neutral
2024,non-neutral
2025,anger
2026,anger
2027,anger
2028,anger
2029,non-neutral
2030,non-neutral
2031,sadness
2032,anger
2033,non-neutral
2034,non-neutral
2035,non-neutral
2036,surprise
2037,anger
2038,anger
2039,anger
2040,anger
2041,non-neutral
2042,anger
2043,anger
2044,non-neutral
2045,non-neutral
2046,anger
2047,joy
2048,anger
2049,anger
2050,anger
2051,neutral
2052,fear
2053,fear
2054,neutral
2055,non-neutral
2056,surprise
2057,fear
2058,sadness
2059,non-neutral
2060,anger
2061,anger
2062,disgust
2063,anger
2064,non-neutral
2065,anger
2066,neutral
2067,anger
2068,neutral
2069,neutral
2070,fear
2071,anger
2072,disgust
2073,sadness
2074,anger
2075,sadness
2076,joy
2077,joy
2078,sadness
2079,anger
2080,neutral
2081,sadness
2082,anger
2083,anger
2084,surprise
2085,sadness
2086,neutral
2087,anger
2088,non-neutral
2089,non-neutral
2090,neutral
2091,joy
2092,anger
2093,neutral
2094,anger
2095,anger
2096,non-neutral
2097,anger
2098,disgust
2099,neutral
2100,non-neutral
2101,neutral
2102,anger
2103,fear
2104,anger
2105,anger
2106,surprise
2107,anger
2108,anger
2109,anger
2110,non-neutral
2111,anger
2112,neutral
2113,non-neutral
2114,sadness
2115,anger
2116,anger
2117,non-neutral
2118,non-neutral
2119,non-neutral
2120,sadness
2121,anger
2122,non-neutral
2123,anger
2124,anger
2125,anger
2126,anger
2127,anger
2128,anger
2129,anger
2130,anger
2131,anger
2132,anger
2133,sadness
2134,sadness
2135,neutral
2136,anger
2137,non-neutral
2138,anger
2139,non-neutral
2140,anger
2141,anger
2142,anger
2143,sadness
2144,anger
2145,anger
2146,anger
2147,non-neutral
2148,sadness
2149,anger
2150,disgust
2151,neutral
2152,neutral
2153,neutral
2154,anger
2155,non-neutral
2156,non-neutral
2157,non-neutral
2158,disgust
2159,disgust
2160,non-neutral
2161,sadness
2162,non-neutral
2163,non-neutral
2164,disgust
2165,anger
2166,sadness
2167,disgust
2168,non-neutral
2169,disgust
2170,fear
2171,disgust
2172,anger
2173,sadness
2174,disgust
2175,anger
2176,disgust
2177,sadness
2178,anger
2179,anger
2180,non-neutral
2181,non-neutral
2182,neutral
2183,disgust
2184,non-neutral
2185,anger
2186,sadness
2187,neutral
2188,anger
2189,anger
2190,anger
2191,anger
2192,anger
2193,anger
2194,anger
2195,sadness
2196,neutral
2197,neutral
2198,anger
2199,anger
2200,anger
2201,anger
2202,anger
2203,anger
2204,non-neutral
2205,anger
2206,non-neutral
2207,anger
2208,non-neutral
2209,disgust
2210,non-neutral
2211,anger
2212,neutral
2213,sadness
2214,anger
2215,disgust
2216,anger
2217,anger
2218,sadness
2219,anger
2220,non-neutral
2221,anger
2222,anger
2223,non-neutral
2224,anger
2225,neutral
2226,neutral
2227,anger
2228,anger
2229,anger
2230,anger
2231,neutral
2232,anger
2233,sadness
2234,anger
2235,anger
2236,sadness
2237,neutral
2238,disgust
2239,sadness
2240,anger
2241,anger
2242,non-neutral
2243,anger
2244,anger
2245,anger
2246,anger
2247,anger
2248,non-neutral
2249,anger
2250,non-neutral
2251,surprise
2252,non-neutral
2253,neutral
2254,neutral
2255,anger
2256,non-neutral
2257,anger
2258,non-neutral
2259,anger
2260,non-neutral
2261,non-neutral
2262,disgust
2263,non-neutral
2264,neutral
2265,non-neutral
2266,disgust
2267,anger
2268,surprise
2269,neutral
2270,non-neutral
2271,anger
2272,sadness
2273,non-neutral
2274,neutral
2275,sadness
2276,fear
2277,anger
2278,neutral
2279,non-neutral
2280,anger
2281,non-neutral
2282,non-neutral
2283,sadness
2284,sadness
2285,neutral
2286,non-neutral
2287,non-neutral
2288,fear
2289,disgust
2290,non-neutral
2291,disgust
2292,sadness
2293,anger
2294,disgust
2295,anger
2296,anger
2297,neutral
2298,anger
2299,non-neutral
2300,anger
2301,non-neutral
2302,anger
2303,disgust
2304,neutral
2305,disgust
2306,non-neutral
2307,anger
2308,non-neutral
2309,anger
2310,non-neutral
2311,non-neutral
2312,anger
2313,anger
2314,non-neutral
2315,fear
2316,anger
2317,sadness
2318,neutral
2319,anger
2320,neutral
2321,disgust
2322,anger
2323,anger
2324,non-neutral
2325,non-neutral
2326,non-neutral
2327,anger
2328,non-neutral
2329,non-neutral
2330,sadness
2331,neutral
2332,fear
2333,anger
2334,fear
2335,anger
2336,joy
2337,disgust
2338,anger
2339,neutral
2340,anger
2341,anger
2342,non-neutral
2343,anger
2344,non-neutral
2345,anger
2346,non-neutral
2347,fear
2348,disgust
2349,anger
2350,neutral
2351,neutral
2352,neutral
2353,anger
2354,anger
2355,anger
2356,sadness
2357,disgust
2358,non-neutral
2359,joy
2360,anger
2361,sadness
2362,anger
2363,anger
2364,anger
2365,anger
2366,non-neutral
2367,disgust
2368,fear
2369,anger
2370,anger
2371,anger
2372,non-neutral
2373,sadness
2374,joy
2375,sadness
2376,joy
2377,anger
2378,anger
2379,anger
2380,anger
2381,non-neutral
2382,anger
2383,disgust
2384,sadness
2385,anger
2386,anger
2387,anger
2388,sadness
2389,non-neutral
2390,fear
2391,anger
2392,non-neutral
2393,non-neutral
2394,sadness
2395,anger
2396,sadness
2397,neutral
2398,non-neutral
2399,anger
2400,neutral
2401,anger
2402,sadness
2403,neutral
2404,disgust
2405,disgust
2406,anger
2407,surprise
2408,non-neutral
2409,anger
2410,anger
2411,anger
2412,non-neutral
2413,sadness
2414,non-neutral
2415,anger
2416,neutral
2417,anger
2418,disgust
2419,non-neutral
2420,anger
2421,anger
2422,non-neutral
2423,anger
2424,neutral
2425,fear
2426,neutral
2427,anger
2428,neutral
2429,anger
2430,anger
2431,neutral
2432,sadness
2433,anger
2434,neutral
2435,non-neutral
2436,sadness
2437,anger
2438,sadness
2439,neutral
2440,non-neutral
2441,disgust
2442,neutral
2443,anger
2444,neutral
2445,anger
2446,disgust
2447,disgust
2448,non-neutral
2449,non-neutral
2450,non-neutral
2451,fear
2452,neutral
2453,disgust
2454,anger
2455,sadness
2456,anger
2457,anger
2458,non-neutral
2459,non-neutral
2460,anger
2461,anger
2462,non-neutral
2463,anger
2464,anger
2465,anger
2466,non-neutral
2467,neutral
2468,anger
2469,neutral
2470,non-neutral
2471,anger
2472,anger
2473,non-neutral
2474,neutral
2475,neutral
2476,anger
2477,anger
2478,anger
2479,neutral
2480,disgust
2481,non-neutral
2482,anger
2483,sadness
2484,non-neutral
2485,disgust
2486,anger
2487,sadness
2488,anger
2489,sadness
2490,anger
2491,anger
2492,anger
2493,sadness
2494,sadness
2495,anger
2496,fear
2497,anger
2498,non-neutral
2499,anger
2500,non-neutral
2501,anger
2502,anger
2503,anger
2504,anger
2505,anger
2506,anger
2507,anger
2508,sadness
2509,sadness
2510,non-neutral
2511,neutral
2512,anger
2513,anger
2514,anger
2515,anger
2516,neutral
2517,non-neutral
2518,joy
2519,anger
2520,non-neutral
2521,sadness
2522,anger
2523,disgust
2524,sadness
2525,anger
2526,disgust
2527,neutral
2528,anger
2529,anger
2530,sadness
2531,joy
2532,anger
2533,sadness
2534,sadness
2535,sadness
2536,neutral
2537,non-neutral
2538,fear
2539,anger
2540,anger
2541,non-neutral
2542,non-neutral
2543,non-neutral
2544,anger
2545,anger
2546,anger
2547,anger
2548,anger
2549,anger
2550,anger
2551,disgust
2552,anger
2553,non-neutral
2554,anger
2555,non-neutral
2556,anger
2557,anger
2558,non-neutral
2559,anger
2560,non-neutral
2561,sadness
2562,non-neutral
2563,non-neutral
2564,non-neutral
2565,non-neutral
2566,anger
2567,sadness
2568,sadness
2569,sadness
2570,anger
2571,neutral
2572,non-neutral
2573,sadness
2574,neutral
2575,non-neutral
2576,sadness
2577,anger
2578,non-neutral
2579,anger
2580,anger
2581,anger
2582,sadness
2583,non-neutral
2584,neutral
2585,non-neutral
2586,non-neutral
2587,non-neutral
2588,sadness
2589,non-neutral
2590,surprise
2591,non-neutral
2592,disgust
2593,anger
2594,neutral
2595,neutral
2596,anger
2597,non-neutral
2598,non-neutral
2599,neutral
2600,disgust
2601,disgust
2602,anger
2603,neutral
2604,disgust
2605,fear
2606,anger
2607,anger
2608,anger
2609,non-neutral
2610,sadness
2611,non-neutral
2612,non-neutral
2613,anger
2614,anger
2615,non-neutral
2616,sadness
2617,neutral
2618,anger
2619,anger
2620,sadness
2621,anger
2622,anger
2623,neutral
2624,anger
2625,non-neutral
2626,non-neutral
2627,anger
2628,sadness
2629,anger
2630,surprise
2631,non-neutral
2632,non-neutral
2633,non-neutral
2634,anger
2635,sadness
2636,sadness
2637,anger
2638,anger
2639,non-neutral
2640,neutral
2641,neutral
2642,anger
2643,anger
2644,non-neutral
2645,sadness
2646,fear
2647,neutral
2648,anger
2649,anger
2650,non-neutral
2651,anger
2652,neutral
2653,non-neutral
2654,sadness
2655,anger
2656,anger
2657,anger
2658,neutral
2659,disgust
2660,neutral
2661,anger
2662,anger
2663,neutral
2664,disgust
2665,disgust
2666,fear
2667,anger
2668,anger
2669,anger
2670,non-neutral
2671,non-neutral
2672,anger
2673,anger
2674,anger
2675,sadness
2676,anger
2677,non-neutral
2678,anger
2679,neutral
2680,neutral
2681,non-neutral
2682,anger
2683,non-neutral
2684,non-neutral
2685,anger
2686,anger
2687,anger
2688,non-neutral
2689,anger
2690,disgust
2691,neutral
2692,anger
2693,neutral
2694,neutral
2695,non-neutral
2696,joy
2697,fear
2698,anger
2699,neutral
2700,surprise
2701,anger
2702,anger
2703,anger
2704,anger
2705,fear
2706,neutral
2707,anger
2708,anger
2709,anger
2710,anger
2711,non-neutral
2712,sadness
2713,non-neutral
2714,anger
2715,anger
2716,non-neutral
2717,anger
2718,sadness
2719,anger
2720,anger
2721,disgust
2722,sadness
2723,non-neutral
2724,sadness
2725,anger
2726,non-neutral
2727,anger
2728,disgust
2729,neutral
2730,surprise
2731,fear
2732,anger
2733,sadness
2734,anger
2735,neutral
2736,non-neutral
2737,non-neutral
2738,anger
2739,anger
2740,non-neutral
2741,anger
2742,neutral
2743,anger
2744,anger
2745,sadness
2746,disgust
2747,non-neutral
2748,non-neutral
2749,anger
2750,anger
2751,anger
2752,neutral
2753,anger
2754,anger
2755,non-neutral
2756,non-neutral
2757,disgust
2758,non-neutral
2759,anger
2760,neutral
2761,neutral
2762,anger
2763,anger
2764,anger
2765,anger
2766,sadness
2767,anger
2768,non-neutral
2769,neutral
2770,sadness
2771,anger
2772,non-neutral
2773,joy
2774,anger
2775,neutral
2776,neutral
2777,disgust
2778,anger
2779,sadness
2780,anger
2781,non-neutral
2782,anger
2783,disgust
2784,anger
2785,anger
2786,sadness
2787,anger
2788,anger
2789,anger
2790,non-neutral
2791,neutral
2792,anger
2793,sadness
2794,non-neutral
2795,sadness
2796,sadness
2797,fear
2798,fear
2799,anger
2800,anger
2801,anger
2802,anger
2803,joy
2804,anger
2805,disgust
2806,non-neutral
2807,anger
2808,anger
2809,sadness
2810,anger
2811,anger
2812,neutral
2813,anger
2814,anger
2815,neutral
2816,non-neutral
2817,anger
2818,anger
2819,anger
2820,anger
2821,anger
2822,anger
2823,anger
2824,anger
2825,anger
2826,anger
2827,neutral
2828,anger
2829,neutral
2830,neutral
2831,sadness
2832,neutral
2833,neutral
2834,neutral
2835,non-neutral
2836,anger
2837,neutral
2838,disgust
2839,disgust
2840,anger
2841,anger
2842,anger
2843,neutral
2844,fear
2845,anger
2846,sadness
2847,anger
2848,anger
2849,neutral
2850,neutral
2851,neutral
2852,sadness
2853,anger
2854,anger
2855,anger
2856,surprise
2857,anger
2858,surprise
2859,anger
2860,anger
2861,non-neutral
2862,neutral
2863,anger
2864,anger
2865,anger
2866,anger
2867,non-neutral
2868,sadness
2869,anger
2870,anger
2871,anger
2872,non-neutral
2873,non-neutral
2874,non-neutral
2875,non-neutral
2876,non-neutral
2877,neutral
2878,anger
2879,sadness
2880,sadness
2881,neutral
2882,fear
2883,neutral
2884,anger
2885,neutral
2886,neutral
2887,neutral
2888,fear
2889,anger
2890,non-neutral
2891,neutral
2892,non-neutral
2893,anger
2894,anger
2895,anger
2896,anger
2897,non-neutral
2898,non-neutral
2899,disgust
2900,disgust
2901,anger
2902,neutral
2903,non-neutral
2904,sadness
2905,non-neutral
2906,neutral
2907,anger
2908,anger
2909,anger
2910,anger
2911,fear
2912,anger
2913,anger
2914,sadness
2915,neutral
2916,anger
2917,neutral
2918,fear
2919,disgust
2920,fear
2921,sadness
2922,neutral
2923,neutral
2924,neutral
2925,anger
2926,non-neutral
2927,anger
2928,anger
2929,anger
2930,anger
2931,anger
2932,non-neutral
2933,neutral
2934,neutral
2935,neutral
2936,anger
2937,non-neutral
2938,non-neutral
2939,joy
2940,neutral
2941,sadness
2942,joy
2943,anger
2944,neutral
2945,non-neutral
2946,anger
2947,disgust
2948,non-neutral
2949,neutral
2950,anger
2951,non-neutral
2952,disgust
2953,anger
2954,non-neutral
2955,disgust
2956,neutral
2957,non-neutral
2958,non-neutral
2959,anger
2960,neutral
2961,anger
2962,anger
2963,non-neutral
2964,anger
2965,sadness
2966,anger
2967,non-neutral
2968,non-neutral
2969,sadness
2970,disgust
2971,sadness
2972,anger
2973,sadness
2974,disgust
2975,anger
2976,anger
2977,anger
2978,sadness
2979,neutral
2980,anger
2981,sadness
2982,neutral
2983,anger
2984,non-neutral
2985,non-neutral
2986,anger
2987,neutral
2988,disgust
2989,anger
2990,non-neutral
2991,anger
2992,sadness
2993,non-neutral
2994,neutral
2995,neutral
2996,anger
2997,neutral
2998,fear
2999,anger
3000,anger
3001,neutral
3002,anger
3003,neutral
3004,non-neutral
3005,non-neutral
3006,anger
3007,non-neutral
3008,anger
3009,anger
3010,non-neutral
3011,neutral
3012,disgust
3013,anger
3014,anger
3015,non-neutral
3016,anger
3017,non-neutral
3018,disgust
3019,anger
3020,non-neutral
3021,neutral
3022,sadness
3023,anger
3024,non-neutral
3025,disgust
3026,surprise
3027,anger
3028,neutral
3029,anger
3030,anger
3031,sadness
3032,anger
3033,neutral
3034,anger
3035,non-neutral
3036,sadness
3037,anger
3038,anger
3039,neutral
3040,anger
3041,non-neutral
3042,disgust
3043,anger
3044,non-neutral
3045,anger
3046,disgust
3047,anger
3048,anger
3049,non-neutral
3050,neutral
3051,fear
3052,non-neutral
3053,non-neutral
3054,sadness
3055,non-neutral
3056,non-neutral
3057,non-neutral
3058,neutral
3059,non-neutral
3060,anger
3061,joy
3062,sadness
3063,non-neutral
3064,anger
3065,non-neutral
3066,anger
3067,anger
3068,sadness
3069,non-neutral
3070,sadness
3071,non-neutral
3072,anger
3073,anger
3074,sadness
3075,neutral
3076,anger
3077,anger
3078,disgust
3079,neutral
3080,disgust
3081,fear
3082,anger
3083,non-neutral
3084,non-neutral
3085,non-neutral
3086,joy
3087,anger
3088,non-neutral
3089,anger
3090,non-neutral
3091,anger
3092,sadness
3093,anger
3094,anger
3095,neutral
3096,anger
3097,fear
3098,anger
3099,non-neutral
3100,neutral
3101,anger
3102,anger
3103,disgust
3104,non-neutral
3105,anger
3106,non-neutral
3107,anger
3108,neutral
3109,non-neutral
3110,neutral
3111,anger
3112,non-neutral
3113,anger
3114,anger
3115,anger
3116,anger
3117,anger
3118,anger
3119,anger
3120,anger
3121,anger
3122,sadness
3123,joy
3124,sadness
3125,joy
3126,non-neutral
3127,non-neutral
3128,anger
3129,neutral
3130,anger
3131,anger
3132,disgust
3133,neutral
3134,non-neutral
3135,non-neutral
3136,anger
3137,anger
3138,neutral
3139,neutral
3140,neutral
3141,anger
3142,non-neutral
3143,sadness
3144,fear
3145,surprise
3146,non-neutral
3147,neutral
3148,fear
3149,non-neutral
3150,anger
3151,non-neutral
3152,neutral
3153,non-neutral
3154,neutral
3155,neutral
3156,anger
3157,surprise
3158,disgust
3159,anger
3160,joy
3161,anger
3162,non-neutral
3163,non-neutral
3164,non-neutral
3165,fear
3166,anger
3167,anger
3168,fear
3169,anger
3170,neutral
3171,neutral
3172,anger
3173,sadness
3174,fear
3175,non-neutral
3176,sadness
3177,surprise
3178,anger
3179,non-neutral
3180,non-neutral
3181,non-neutral
3182,non-neutral
3183,non-neutral
3184,anger
3185,anger
3186,sadness
3187,non-neutral
3188,neutral
3189,sadness
3190,anger
3191,neutral
3192,neutral
3193,neutral
3194,non-neutral
3195,non-neutral
3196,anger
3197,non-neutral
3198,anger
3199,anger
3200,anger
3201,disgust
3202,anger
3203,sadness
3204,anger
3205,non-neutral
3206,anger
3207,anger
3208,sadness
3209,anger
3210,joy
3211,anger
3212,anger
3213,joy
3214,anger
3215,disgust
3216,non-neutral
3217,anger
3218,anger
3219,non-neutral
3220,neutral
3221,surprise
3222,anger
3223,anger
3224,anger
3225,neutral
3226,neutral
3227,neutral
3228,anger
3229,disgust
3230,anger
3231,non-neutral
3232,sadness
3233,disgust
3234,anger
3235,anger
3236,non-neutral
3237,anger
3238,anger
3239,sadness
3240,sadness
3241,anger
3242,anger
3243,anger
3244,anger
3245,neutral
3246,non-neutral
3247,anger
3248,anger
3249,non-neutral
3250,anger
3251,neutral
3252,anger
3253,anger
3254,sadness
3255,neutral
3256,neutral
3257,non-neutral
3258,non-neutral
3259,anger
3260,sadness
3261,anger
3262,non-neutral
3263,sadness
3264,disgust
3265,disgust
3266,non-neutral
3267,non-neutral
3268,anger
3269,anger
3270,non-neutral
3271,non-neutral
3272,non-neutral
3273,non-neutral
3274,sadness
3275,disgust
3276,anger
3277,neutral
3278,anger
3279,non-neutral
3280,anger
3281,anger
3282,anger
3283,sadness
3284,anger
3285,sadness
3286,anger
3287,anger
3288,disgust
3289,sadness
3290,disgust
3291,non-neutral
3292,disgust
3293,neutral
3294,anger
3295,anger
